check_id,result,evidence,owner,notes
EVD-001,PASS,junit:caos.tests.test_source_ingestion::test_ingestion_rolls_back_atomically_when_persistence_fails; junit:caos.tests.test_store::test_governed_writes_commit_state_and_audit_together; junit:caos.tests.test_postgres_races::test_duplicate_upload_race_admits_one_active_source_and_one_set_version; junit:caos.tests.test_postgres_races::test_concurrent_distinct_uploads_allocate_monotonic_source_set_versions; junit:caos.tests.spec.test_simulations_spec::test_sim_010_database_unavailable_before_a_write_is_typed_and_leaves_no_partial_file,retained suite - no action,"An injected failure after the source insert leaves no source row, no source-set version and no audit row, and the retry mints version 1; two PostgreSQL connections admit one active source and one set version; a store outage before the write leaves no vault object, row or set."
EVD-002,PASS,junit:caos.tests.spec.test_runs_spec::test_gate_exit_pins_exact_current_source_set_and_later_uploads_do_not_move_it; junit:caos.tests.spec.test_runs_spec::test_empty_source_set_pauses_at_entry_gate_without_pinning; junit:caos.tests.test_bundle::test_plan_digest_pins_source_set_identity; junit:caos.tests.spec.test_runs_spec::test_plan_digest_is_carried_outside_the_blob_and_reasserted; junit:caos.tests.spec.test_state_spec::test_checkpointed_digests_are_expectations_not_authority; junit:caos.tests.spec.test_runs_spec::test_acceptance_rejects_source_content_changed_without_a_new_source_set; junit:caos.tests.spec.test_evidence_spec::test_withdrawal_while_parked_at_interrupt_is_banned_on_resume,retained suite - no action,"Gate exit pins source_set_id and source_set_version (asserted directly), source_set_digest over the six-field projection including source_ids (member ids; re-verified against the store record) and source_authority (per-member sha256 + blocks_digest, proven by the content-changed refusal). Nothing is pinned before the gate; the pin happens on resume before the first module. Weak point: no test enumerates plan['source_authority'] fields by name - member ids/digests are proven through the digest-expectation refusals rather than a field-level assertion."
EVD-003,PASS,junit:caos.tests.spec.test_runs_spec::test_gate_exit_pins_exact_current_source_set_and_later_uploads_do_not_move_it; junit:caos.tests.spec.test_injection_spec::test_out_of_set_source_named_by_the_document_is_refused_and_returns_no_text; junit:caos.tests.spec.test_evidence_spec::test_a_refused_read_ends_the_module_instead_of_returning_a_reason_to_the_model; junit:caos.tests.spec.test_injection_spec::test_a_workbook_imported_after_the_pin_cannot_bind_itself_to_the_run; junit:caos.tests.spec.test_injection_spec::test_a_superseding_workbook_cannot_swap_what_the_pinned_run_binds,retained suite - no action,A document uploaded mid-run does not move the pinned set id; a later same-case source is refused AGENT_AUTHORITY_MISMATCH when read; a loan workbook imported or superseded after the pin never enters the run (the non-agentic channel).
EVD-004,PASS,junit:caos.tests.spec.test_runs_spec::test_acceptance_refuses_missing_historical_source_set; junit:caos.tests.spec.test_state_spec::test_checkpointed_digests_are_expectations_not_authority,retained suite - no action,The pinned set row is deleted after the run succeeds; acceptance raises SOURCE_SET_CHANGED. The digest expectation re-reads the store record by id and refuses a mismatch.
EVD-005,PASS,junit:caos.tests.test_store::test_withdrawal_stales_citing_assumptions_and_bans_new_citations; junit:caos.tests.test_postgres_races::test_assumption_creation_and_withdrawal_serialize; junit:caos.tests.spec.test_evidence_spec::test_read_of_source_withdrawn_after_pin_fails_closed; junit:caos.tests.spec.test_injection_spec::test_withdrawal_racing_the_injected_read_is_caught_live_inside_the_tool; junit:caos.tests.spec.test_runs_spec::test_withdrawing_pinned_source_mid_run_fails_the_run_closed; junit:caos.tests.spec.test_runs_spec::test_acceptance_refuses_a_source_withdrawn_after_run_completion; junit:caos.tests.spec.test_source_complete_modelling_spec::test_withdrawing_a_bound_source_revokes_the_model_and_leaves_the_audit_trail; junit:caos.tests.spec.test_model_builder_spec::test_warmed_model_caches_cannot_outlive_withdrawn_source_authority; junit:caos.tests.spec.test_model_builder_spec::test_build_does_not_complete_ready_after_a_withdrawal_between_resolution_and_commit; junit:caos.tests.test_audit_regressions::test_freeze_refuses_a_citation_whose_source_was_withdrawn_after_save; junit:caos.tests.test_store::test_promotion_after_withdrawal_mints_new_identity_without_resurrection,retained suite - no action,Assumption save refuses EVIDENCE_SOURCE_WITHDRAWN (also on two PostgreSQL connections); every read_evidence re-checks withdrawal live; a run over a withdrawn pinned source fails closed and acceptance refuses; model readiness turns CANONICAL_MODEL_INPUTS_INVALID and a build cannot complete READY past a withdrawal; a deliverable freeze refuses a withdrawn citation. Notes carry no citations in this product - the 'note' half is covered only by a withdrawn promoted-note source never being resurrected (a re-promotion mints a new id).
EVD-006,PASS,junit:caos.tests.spec.test_source_complete_modelling_spec::test_withdrawing_a_bound_source_revokes_the_model_and_leaves_the_audit_trail; junit:caos.tests.test_store::test_withdrawal_stales_citing_assumptions_and_bans_new_citations; junit:caos.tests.spec.test_model_builder_spec::test_warmed_model_caches_cannot_outlive_withdrawn_source_authority; junit:caos.tests.spec.test_http_contracts_spec::test_withdrawn_source_detail_remains_retrievable_with_strict_public_shape; junit:caos.tests.test_source_ingestion::test_duplicate_active_content_rejected_and_withdrawal_reopens,retained suite - no action,"After withdrawal the case's accepted_snapshot_id is unchanged ('acceptance is history, not revoked') while model readiness, the registry read and citing assumptions turn STALE/invalid; the withdrawn source stays retrievable; withdrawal mints a new set version and leaves the pinned record intact."
EVD-007,OPEN,junit:caos.tests.spec.test_injection_spec::test_cross_case_source_named_by_the_document_is_refused; junit:caos.tests.spec.test_evidence_spec::test_read_outside_pinned_source_set_fails_closed; junit:caos.tests.spec.test_evidence_spec::test_every_argument_shape_fails_closed_with_a_typed_refusal; junit:caos.tests.spec.test_evidence_spec::test_read_of_source_withdrawn_after_pin_fails_closed; junit:caos.tests.spec.test_evidence_spec::test_withdrawal_while_parked_at_interrupt_is_banned_on_resume; junit:caos.tests.spec.test_evidence_spec::test_unknown_block_is_output_invalid_and_authority_precedes_existence; junit:caos.tests.spec.test_evidence_spec::test_a_block_id_that_collides_across_sources_reads_only_the_named_source; junit:caos.tests.spec.test_runs_spec::test_acceptance_rejects_source_content_changed_without_a_new_source_set; junit:caos.tests.spec.test_source_complete_modelling_spec::test_corrupting_a_bound_source_revokes_the_model_before_any_use,engine owner (engine/evidence.py) with the decision owner,"Four of the five checks are proven per call: case binding, pinned-set membership, live withdrawal and (source_id, block_id) identity, across the 33-shape matrix. The source DIGEST is not re-verified inside EvidenceReader._authorized_source; it is re-verified per module attempt (Engine._live_plan_sources compares plan['source_authority'] with the live rows before the reader is built) and again at finalization/acceptance (content-changed and vault-corruption refusals). Missing: either a DECISIONS entry recording the per-attempt bracket as satisfying 'on every read_evidence call', or a per-read digest check plus a test that mutates a pinned source's blocks between two reads of one module and asserts the second read refuses."
EVD-008,PASS,junit:caos.tests.spec.test_evidence_spec::test_no_refusal_leaks_evidence_text_or_leaves_a_citation_expectation; junit:caos.tests.spec.test_evidence_spec::test_a_refused_read_ends_the_module_instead_of_returning_a_reason_to_the_model; junit:caos.tests.spec.test_evidence_spec::test_the_run_error_surface_carries_a_code_and_never_a_message; junit:caos.tests.spec.test_injection_spec::test_out_of_set_source_named_by_the_document_is_refused_and_returns_no_text; junit:caos.tests.spec.test_observability_spec::test_a_refused_read_logs_its_typed_code_and_none_of_the_document,retained suite - no action,"All 33 refusal shapes assert the exception chain, the delivered set and the ledger carry no evidence text; a refused read is never a tool_result (the module ends, nothing reaches the model); the persisted run error is {code, module_id}; the log line carries the code only."
EVD-009,PASS,junit:caos.tests.test_provider_tools::test_request_digest_binds_exact_host_tool_definitions; junit:caos.tests.test_provider_tools::test_loop_rejects_an_undeclared_tool_before_host_dispatch; junit:caos.tests.spec.test_injection_spec::test_web_discovery_instruction_cannot_reach_a_second_tool; junit:caos.tests.spec.test_evidence_spec::test_read_outside_pinned_source_set_fails_closed; junit:caos.tests.spec.test_evidence_spec::test_a_refused_read_ends_the_module_instead_of_returning_a_reason_to_the_model; junit:caos.tests.test_provider_tools::test_evidence_tool_schema_matches_the_host_and_canonical_bounds,retained suite - no action,"The model tool surface is exactly read_evidence (plus run_methodology_calculation where a module declares calculators): no list or search tool exists, an undeclared tool is refused by name before dispatch, and a read of a same-case source outside the pinned set is refused with no text."
EVD-010,PASS,junit:caos.tests.spec.test_injection_spec::test_web_discovery_instruction_cannot_reach_a_second_tool; junit:caos.tests.test_provider_tools::test_loop_rejects_an_undeclared_tool_before_host_dispatch; junit:caos.tests.test_provider_tools::test_request_digest_binds_exact_host_tool_definitions; junit:caos.tests.spec.test_modules_spec::test_cp1c_is_pinned_to_supplied_only_evidence; junit:caos.tests.test_user_upload_only::test_deployed_cp1c_has_no_external_peer_acquisition_lane; junit:caos.tests.test_user_upload_only::test_tracked_product_sources_prohibit_external_filing_acquisition; junit:caos.tests.spec.test_research_spec::test_brief_is_persisted_with_its_digest_and_bound_into_the_pinned_plan; junit:caos.tests.spec.test_research_spec::test_start_refuses_missing_incompatible_and_boundary_violating_briefs_before_any_row,retained suite - no action,"Structural ban: the only evidence channel is the host read_evidence tool; any other tool call (web, email, filesystem, shell, network) is refused by name with AGENT_OUTPUT_INVALID and no repair; CP-1C is registry-pinned supplied_only, the tracked sources carry no external acquisition lane, and a Deep Research brief with source_mode 'hybrid' is refused before any row. No per-channel egress test (e.g. a network sandbox) is retained; the proof is the absence of any such tool."
EVD-011,PROVED HOST CONTROL,junit:caos.tests.spec.test_modules_spec::test_canonical_output_schema_is_strict_and_bounded; junit:caos.tests.spec.test_injection_spec::test_document_cannot_buy_an_answer_with_no_supplied_evidence; junit:caos.tests.spec.test_evidence_spec::test_returned_rows_carry_provenance_and_the_delivered_set_is_the_citation_contract; junit:caos.tests.spec.test_modules_spec::test_model_facing_tables_may_cite_only_returned_sources; junit:caos.tests.test_runtime_calculations::test_runtime_rejects_fixed_prose_without_model_facing_source_attribution; junit:caos.tests.test_runtime_calculations::test_runtime_rejects_model_facing_tables_with_undelivered_source_ids; artifact:gates/qualification/host-control-matrix.txt; artifact:gates/qualification/host-control-verdict.txt,enterprise test owner (live credential) / model risk,"Host-enforced: evidence_refs min 1 per envelope, refs must equal the delivered set exactly, model-facing tables must carry returned source ids, fixed prose without model-facing attribution is refused. Per-STATEMENT citation is model behaviour; the retained proof is the harness 'unsupported_claims' dimension (every number in claim sections traceable to delivered evidence or a calculation output) passing on 32 cells under the answer-keyed host-control binding."
EVD-012,PROVED HOST CONTROL,artifact:gates/qualification/host-control-matrix.txt; artifact:gates/qualification/evidence/host_control/C03/FULL_CREDIT-full/rep-1-20260903T235339Z.json; junit:caos.tests.spec.test_evidence_spec::test_returned_rows_carry_provenance_and_the_delivered_set_is_the_citation_contract; junit:caos.tests.spec.test_modules_spec::test_model_facing_tables_may_cite_only_returned_sources,enterprise test owner (live credential) / model risk,"The host carries value/unit/period/source/locator on the answer key and the delivered rows (source_id, source_digest, block_id, locator, extractor_version), and the 'facts' dimension links each expected fact (F1-F3 on C03, incl. value, unit, period, source) to a cited block; unsupported_claims traces every number. Partial even under host control: currency and entity are not independently scored, and the canonical envelope has no per-number schema - retention is asserted on markdown match strings."
EVD-013,OPEN,junit:caos.tests.spec.test_evidence_spec::test_forged_citation_outside_delivered_set_is_rejected_at_canonicalization; junit:caos.tests.spec.test_injection_spec::test_citation_to_an_undelivered_block_is_refused; junit:caos.tests.spec.test_modules_spec::test_model_facing_tables_may_cite_only_returned_sources; junit:caos.tests.test_runtime_calculations::test_provider_cannot_claim_an_undelivered_or_duplicate_calculation; junit:caos.tests.test_canonical_calculations::test_calculation_ref_requires_exact_lowercase_sha256; junit:caos.tests.test_canonical_calculations::test_calculation_ref_is_strict_and_immutable; junit:caos.tests.spec.test_modules_spec::test_canonical_output_schema_is_strict_and_bounded; junit:caos.tests.test_audit_regressions::test_freeze_refuses_a_citation_whose_source_was_withdrawn_after_save; junit:caos.tests.test_store::test_withdrawal_stales_citing_assumptions_and_bans_new_citations,engine test owner (spec/test_modules_spec.py or test_evidence_spec.py),"Proven: fabricated and unreturned evidence citations refused (declared set must equal the delivered set), undelivered/duplicate CALCULATION refs refused, malformed refs refused by the bounded EvidenceRef/CalculationRef schemas, withdrawn citations refused on assumptions and deliverables, foreign-case citations structurally impossible (the delivered set only holds authorized reads). Missing: no retained test feeds duplicate evidence_refs pairs to validate_citations/canonicalization and asserts the refusal - the branch exists (len(pairs) != len(set(pairs))) but is unpinned."
EVD-014,PROVED HOST CONTROL,artifact:gates/qualification/evidence/host_control/C03/FULL_CREDIT-full/rep-1-20260903T235339Z.json; artifact:gates/qualification/evidence/host_control/C05/FULL_CREDIT-full/rep-1-20260903T235345Z.json; artifact:gates/qualification/host-control-matrix.txt,enterprise test owner (live credential) / model risk,"C03 (two sources disagree on total debt): facts F2 (3,400 per the annual report) and F3 (3,650 per the debt schedule) both linked and cited, conflict K1 named once in 'Gaps & Conflicts', forbidden 'reconciled' phrasing absent - all under the answer-keyed host-control provider, which writes the conflict itself. No host mechanism detects a figure conflict; a live model must produce the preservation and the single conflict entry."
EVD-015,PASS,junit:caos.tests.spec.test_model_builder_spec::test_allowed_unavailable_liquidity_degrades_to_named_nulls_not_zeros; junit:caos.tests.spec.test_model_builder_spec::test_zero_denominators_yield_none_metrics_and_nonfinite_cp1_fails_validation; junit:caos.tests.spec.test_model_builder_spec::test_missing_required_forecast_driver_raises_typed_error; junit:caos.tests.spec.test_model_builder_spec::test_finite_guards_reject_non_finite_and_zero_denominators; junit:caos.tests.spec.test_source_complete_modelling_spec::test_removing_the_forecast_source_is_a_typed_model_refusal_never_a_default; junit:caos.tests.test_runtime_calculations::test_incomplete_non_core_calculation_completes_the_module_as_a_declared_limitation,retained suite - no action,"An UNAVAILABLE assumption yields None for every dependent output and the workbook omits the cells ('omitted, never zero-filled'); zero denominators yield None metrics; a missing required driver is a typed error naming the driver; an absent forecast source is UNAVAILABLE / MANAGEMENT_GUIDANCE_UNAVAILABLE, never a default; an incomplete calculator is a declared limitation. Prose-level 'not disclosed' (e.g. C05's undisclosed GBP rate) is host-control only."
EVD-016,PROVED HOST CONTROL,artifact:gates/qualification/evidence/host_control/C16/FULL_CREDIT-full/rep-1-20260903T235407Z.json; artifact:gates/qualification/host-control-matrix.txt,enterprise test owner (live credential) / model risk,"C16 (post-period refinancing and disposal): F1 post-period maturity 2032-03-15 and F2 FY2024 reported maturity 2030-03-15 both linked, conflict K1 'Subsequent event' handled, forbidden restatement 'FY2024 maturity of March 15, 2032' absent - produced by the answer-keyed provider. The host has no date-based subsequent-event flag; the manifest role 'subsequent' is fixture metadata, not a runtime mechanism."
EVD-017,OPEN,junit:caos.tests.spec.test_misc_spec::test_confidence_discards_provider_scores_and_labels_declared_count_provenance; junit:caos.tests.spec.test_evidence_spec::test_returned_rows_carry_provenance_and_the_delivered_set_is_the_citation_contract; junit:caos.tests.spec.test_injection_spec::test_a_document_cannot_talk_a_blocked_module_into_qa_passed,methodology owner with the decision owner (vocabulary in CONTEXT.md),"Proven: source authority (authority_class, source_digest) and extraction confidence (per-block confidence, extractor_version) are distinct fields on every delivered row, and host-recomputed confidence discards provider-asserted authority/score. Missing: 'prepared-representation fidelity' has no definition in CONTEXT.md and no retained test names a fidelity measure for a prepared representation (a loan workbook, an intake pack) distinct from extraction confidence."
EVD-018,OPEN,junit:caos.tests.spec.test_runs_spec::test_acceptance_rejects_corrupted_uploaded_source_bytes; junit:caos.tests.test_source_ingestion::test_existing_source_vault_corruption_is_never_reused_or_read; junit:caos.tests.spec.test_evidence_spec::test_returned_rows_carry_provenance_and_the_delivered_set_is_the_citation_contract,audit/publishing owner (caos/server/caos/audit/verify_package.py),"Proven: the stored source bytes are re-hashed against the pinned sha256 at acceptance and before reuse, and each delivered row carries locator + extractor_version. Missing: nothing re-extracts a cited block from the vault bytes at its locator and compares it to the cited text; the offline verifier re-renders the Markdown export and recomputes export digests but holds no source text by design (test_package_holds_no_source_text_vault_path_secret_or_provider_body)."
EVD-019,PASS,junit:caos.tests.spec.test_runs_spec::test_replay_from_same_pinned_sources_and_build_is_equivalent_by_the_same_path; junit:caos.tests.spec.test_runs_spec::test_worker_killed_mid_run_resumes_from_last_checkpoint_not_restart; junit:caos.tests.spec.test_simulations_spec::test_sim_022_absent_checkpoint_recovers_from_domain_truth_without_re_executing_finished_modules; junit:caos.tests.spec.test_simulations_spec::test_sim_030_a_restart_loop_during_active_work_recovers_idempotently_and_bounded; junit:caos.tests.spec.test_state_spec::test_single_time_authority_survives_a_day_boundary,retained suite - no action,"Two runs from the same pins produce byte-equal evidence_refs and markdown by the same path; after a kill (and after an absent checkpoint) the finished modules' (module, digest) artifacts are unchanged and never re-executed, so their read results are the pre-restart ones; a module re-run across a day boundary reproduces the digest. Weak point: no test diffs the delivered rows of a module executed after a restart against the same module in an uninterrupted run."
EVD-020,OPEN,junit:caos.tests.spec.test_evidence_spec::test_returned_rows_carry_provenance_and_the_delivered_set_is_the_citation_contract; junit:caos.tests.spec.test_evidence_spec::test_the_run_error_surface_carries_a_code_and_never_a_message; junit:caos.tests.spec.test_observability_spec::test_a_refused_read_logs_its_typed_code_and_none_of_the_document,"engine/storage owner (engine/evidence.py on_read, storage/runs.py)","No per-read audit record exists: a read is charged to the budget ledger as evidence_reads +1 and evidence_bytes +n (Engine on_read), a successful read leaves only the delivered pair with source_digest/locator/extractor_version in the artifact's evidence_refs, and a refused read leaves a typed run error and a refusal log line (code, module_id). Missing fields: relevance disposition, downstream consumer, attempt, time, result code per read, and a returned-byte digest; no retained test asserts such a record."
RUN-001,PASS,junit:caos.tests.spec.test_runs_spec::test_node_set_and_edges_are_a_pure_function_of_pathway_and_depth; junit:caos.tests.test_bundle::test_compiled_route_matches_its_pinned_golden; junit:caos.tests.test_bundle::test_all_golden_routes_compile_parse_first_and_deterministically; junit:caos.tests.spec.test_modules_spec::test_run_pins_build_id_and_refuses_execution_under_a_different_bundle; junit:caos.tests.test_bundle::test_vendored_bundle_integrity_passes; junit:caos.tests.spec.test_modules_spec::test_verify_at_use_rejects_bytes_that_mismatch_the_pinned_manifest,retained suite - no action,"compiled_route(pathway, depth) is a pure function; all 12 (pathway, depth) cells match their pinned node/edge digest; the plan carries the verified build id and a run pinned to one build refuses execution under another."
RUN-002,PASS,junit:caos.tests.test_bundle::test_all_golden_routes_compile_parse_first_and_deterministically; junit:caos.tests.test_bundle::test_plan_digest_pins_source_set_identity; junit:caos.tests.spec.test_runs_spec::test_replay_from_same_pinned_sources_and_build_is_equivalent_by_the_same_path; junit:caos.tests.spec.test_research_spec::test_replay_from_the_same_pins_and_brief_proposes_the_same_plan_by_the_same_path; junit:caos.tests.spec.test_runs_spec::test_plan_digest_is_carried_outside_the_blob_and_reasserted,retained suite - no action,Two compilations of every route are equal; the plan digest moves with set id/version and with the brief; two runs from the same pins share plan_digest; the digest is recomputed from the plan preimage and reasserted.
RUN-003,PASS,junit:caos.tests.spec.test_runs_spec::test_started_pathways_are_restricted_to_the_mvp_set; junit:caos.tests.test_bundle::test_unknown_pathway_and_route_fail_closed; junit:caos.tests.test_corpus_pathways::test_unavailable_routes_refuse_without_pinning_30_document_case; junit:caos.tests.spec.test_research_spec::test_start_refuses_missing_incompatible_and_boundary_violating_briefs_before_any_row,retained suite - no action,"PATHWAY_NOT_AVAILABLE / DEPTH_NOT_SUPPORTED are raised with no non-terminal run row; on the 30-document case the current source set is unchanged, the active job count is 0 and the HTTP route answers 422 with the typed code."
RUN-004,PASS,junit:caos.tests.test_bundle::test_all_golden_routes_compile_parse_first_and_deterministically; junit:caos.tests.spec.test_runs_spec::test_empty_source_set_pauses_at_entry_gate_without_pinning; junit:caos.tests.spec.test_research_spec::test_brief_is_persisted_with_its_digest_and_bound_into_the_pinned_plan; junit:caos.tests.test_bundle::test_source_preparation_and_readiness_are_separate_runnable_profiles; junit:caos.tests.spec.test_simulations_spec::test_sim_001_kill_before_any_provider_call_leaves_no_reservation_and_recovers_once,retained suite - no action,Every route starts CP-PARSE then CP-0 (source readiness) behind the plan gate; an evidence-free run pauses at the gate; Deep Research proposes its plan only after CP-PARSE and CP-0 succeed.
RUN-005,PASS,junit:caos.tests.spec.test_runs_spec::test_node_set_and_edges_are_a_pure_function_of_pathway_and_depth; junit:caos.tests.spec.test_runs_spec::test_replay_from_same_pinned_sources_and_build_is_equivalent_by_the_same_path; junit:caos.tests.test_corpus_pathways::test_supported_routes_complete_host_path_on_30_document_upload; junit:caos.tests.spec.test_research_spec::test_replay_from_the_same_pins_and_brief_proposes_the_same_plan_by_the_same_path; junit:caos.tests.spec.test_intake_spec::test_document_instructions_are_inert_evidence_and_cannot_select_the_route; junit:caos.tests.spec.test_injection_spec::test_a_forged_host_contract_inside_a_document_never_becomes_system_authority; junit:caos.tests.test_bundle::test_compiled_route_matches_its_pinned_golden,retained suite - no action,"The node set is a function of (pathway, depth) only; on every route of the real corpus the executed node tuple equals compiled_route(...).nodes; a research brief selects nothing about the route; document instructions cannot select the route at intake. Structural proof - no test attempts a runtime graph mutation because no seam exists for one."
RUN-006,OPEN,junit:caos.tests.spec.test_runs_spec::test_started_pathways_are_restricted_to_the_mvp_set; junit:caos.tests.spec.test_runs_spec::test_full_run_preflight_refuses_disabled_or_absent_provider_without_a_run_row; junit:caos.tests.spec.test_limits_spec::test_active_job_ceiling_refuses_the_twenty_first_before_any_reservation; junit:caos.tests.spec.test_research_spec::test_brief_is_persisted_with_its_digest_and_bound_into_the_pinned_plan,engine/storage owner with the decision owner,"Creation is three transactions by design: RunStore.create_run (run row + brief + run.created), pin_plan at gate exit (plan + node rows + run.running, CAS on unpinned) and init_budget at the first module. Retained tests prove refusals leave no run row or budget row and that the pin is written once. Missing: a test that injects a failure inside create_run/pin_plan and asserts no partial run, node, event, budget or pointer survives - or a DECISIONS entry recording the staged creation as the contract."
RUN-007,PASS,junit:caos.tests.spec.test_runs_spec::test_empty_source_set_pauses_at_entry_gate_without_pinning; junit:caos.tests.spec.test_runs_spec::test_resume_with_still_empty_set_re_pauses_without_pinning; junit:caos.tests.spec.test_simulations_spec::test_sim_001_kill_before_any_provider_call_leaves_no_reservation_and_recovers_once; junit:caos.tests.spec.test_runs_spec::test_interrupt_paused_threads_are_skipped_by_recovery_and_hold_no_admission_slot,retained suite - no action,SOURCE_SET_EMPTY pauses the run at the entry gate with nothing pinned; resume over a still-empty set re-pauses; a parked run has zero provider contact and holds no admission slot.
RUN-008,PASS,junit:caos.tests.spec.test_runs_spec::test_run_store_copies_one_provider_identity_through_run_artifact_snapshot_and_events; junit:caos.tests.spec.test_runs_spec::test_artifact_verifier_rejects_row_relocation_and_index_drift; junit:caos.tests.spec.test_modules_spec::test_run_pins_build_id_and_refuses_execution_under_a_different_bundle; junit:caos.tests.spec.test_runs_spec::test_provider_identity_is_read_once_and_bound_through_runtime_authority; junit:caos.tests.test_bundle::test_distressed_routes_match_the_required_causal_graph; junit:caos.tests.spec.test_state_spec::test_plan_blob_is_frozen_and_digest_reassertion_catches_mutation,retained suite - no action,"A node's artifact is bound to run_id, case_id, module_id, input_fingerprint (plan_digest + route occurrence + upstream digests + source_set_digest), methodology build id, qa_status and provider identity (model/version), each rejected on relocation; the plan carries profile_id, build_id and the source set, and route occurrence ids are pinned per stage (RN-<profile>-<pathway>-<stage>-<module>). Weak point: run_nodes rows themselves carry run/case/module/stage only; the full binding lives on the artifact and the pinned plan."
RUN-009,PASS,junit:caos.tests.spec.test_runs_spec::test_artifact_verifier_rejects_row_relocation_and_index_drift; junit:caos.tests.spec.test_state_spec::test_plan_blob_is_frozen_and_digest_reassertion_catches_mutation; junit:caos.tests.spec.test_state_spec::test_checkpointed_digests_are_expectations_not_authority; junit:caos.tests.spec.test_runs_spec::test_snapshot_rejects_forged_succeeded_run; junit:caos.tests.spec.test_runs_spec::test_replacing_an_invalid_artifact_relinks_the_succeeded_node; junit:caos.tests.spec.test_modules_spec::test_run_pins_build_id_and_refuses_execution_under_a_different_bundle; junit:caos.tests.spec.test_distressed_model_overlay::test_distressed_rejects_a_forged_cp4c_calculator_binding,retained suite - no action,"verify_artifact_content (the function Engine._upstream_digests calls before every module) rejects a forged input_fingerprint, run/case/module relocation and qa drift; a tampered plan fails digest reassertion; a forged upstream digest fails the run gate RUN_NOT_READY; a non-verifying artifact is never reused. Weak point: the mid-run invocation seam (AGENT_AUTHORITY_MISMATCH 'validated upstream artifact is unavailable') is proven through the shared verifier and the finalization gate, not by a test that forges an upstream digest between two modules."
RUN-010,PASS,junit:caos.tests.test_bundle::test_all_golden_routes_compile_parse_first_and_deterministically; junit:caos.tests.test_bundle::test_distressed_routes_match_the_required_causal_graph; junit:caos.tests.test_corpus_pathways::test_supported_routes_complete_host_path_on_30_document_upload; junit:caos.tests.spec.test_distressed_model_overlay::test_distressed_requires_both_cp4c_calculator_records; junit:caos.tests.test_methodology_execution::test_distressed_completion_requires_numeric_funding_gap_and_recovery; junit:caos.tests.test_runtime_calculations::test_incomplete_core_calculation_ends_the_run_as_a_model_failure_not_evidence_insufficiency; junit:caos.tests.spec.test_source_complete_modelling_spec::test_removing_the_annual_report_refuses_at_the_source_gate; junit:caos.tests.spec.test_simulations_spec::test_sim_003_kill_during_the_provider_call_never_spends_again_on_resume,retained suite - no action,"No route carries a forward dependency and the executed node order equals the compiled route on every corpus route; missing blocking inputs are typed refusals: an absent CP-4C calculator record refuses the Distressed effect, an incomplete core calculation fails the run, an absent annual report refuses at the source gate, and a failed sibling leaves dependants pending/cancelled, never running."
RUN-011,PASS,junit:caos.tests.test_runtime_calculations::test_incomplete_non_core_calculation_completes_the_module_as_a_declared_limitation; junit:caos.tests.test_runtime_calculations::test_provider_cannot_forge_a_host_limitation_flag; junit:caos.tests.spec.test_source_complete_modelling_spec::test_removing_the_forecast_source_is_a_typed_model_refusal_never_a_default; junit:caos.tests.spec.test_source_complete_modelling_spec::test_market_marks_dated_before_the_latest_reported_period_are_a_named_limitation; junit:caos.tests.spec.test_source_complete_modelling_spec::test_relative_value_without_a_pinned_workbook_names_the_missing_marks; junit:caos.tests.spec.test_source_complete_modelling_spec::test_deep_research_without_a_full_credit_model_declares_no_numeric_effect; junit:caos.tests.spec.test_source_complete_modelling_spec::test_screen_depth_reads_as_a_depth_precondition_not_as_corruption,retained suite - no action,"An incomplete non-core calculator is absent from the pinned records and present in host-derived calculation_limitations / limitation_flags; a missing forecast driver is UNAVAILABLE with a gap code; stale marks, a missing workbook, a missing base model and screen depth are named limitations or typed preconditions, never silent defaults."
RUN-012,PASS,junit:caos.tests.spec.test_runs_spec::test_crash_between_store_commit_and_checkpoint_write_yields_one_artifact_one_charge; junit:caos.tests.spec.test_simulations_spec::test_sim_022_absent_checkpoint_recovers_from_domain_truth_without_re_executing_finished_modules; junit:caos.tests.spec.test_simulations_spec::test_sim_001_kill_before_any_provider_call_leaves_no_reservation_and_recovers_once; junit:caos.tests.spec.test_simulations_spec::test_sim_030_a_restart_loop_during_active_work_recovers_idempotently_and_bounded; junit:caos.tests.spec.test_runs_spec::test_worker_killed_mid_run_resumes_from_last_checkpoint_not_restart; junit:caos.tests.spec.test_runs_spec::test_replacing_an_invalid_artifact_relinks_the_succeeded_node,retained suite - no action,"Reuse-first recovery relinks the committed artifact: one artifact and one charge after a commit-gap crash; finished modules keep their (module, digest) pairs with execution count 1 and budget turns == provider calls (zero calls for the reused modules); the succeeded node follows the artifact id it is linked to."
RUN-013,PASS,junit:caos.tests.spec.test_runs_spec::test_replacing_an_invalid_artifact_relinks_the_succeeded_node; junit:caos.tests.spec.test_runs_spec::test_run_store_copies_one_provider_identity_through_run_artifact_snapshot_and_events; junit:caos.tests.spec.test_runs_spec::test_artifact_verifier_rejects_row_relocation_and_index_drift; junit:caos.tests.spec.test_runs_spec::test_complete_node_rejects_invalid_or_unbounded_artifact_payloads; junit:caos.tests.spec.test_runs_spec::test_reuse_relink_on_resume_revalidates_live_sources; junit:caos.tests.spec.test_runs_spec::test_placeholder_artifact_cannot_relink_after_restart_without_test_capability; junit:caos.tests.spec.test_runs_spec::test_artifact_read_revalidates_payload_provider_identity; junit:caos.tests.spec.test_runs_spec::test_recovery_rejects_changed_or_legacy_missing_agent_identity_before_provider_contact,retained suite - no action,"find_valid_artifact returns None when the stored digest, the provider identity or the fingerprint no longer verifies; invalid or unbounded payloads are refused at completion; a reuse relink re-checks live sources and fails on a withdrawal; a changed or missing agent identity is refused before provider contact."
RUN-014,PASS,junit:caos.tests.spec.test_runs_spec::test_worker_killed_mid_run_resumes_from_last_checkpoint_not_restart; junit:caos.tests.spec.test_simulations_spec::test_sim_030_a_restart_loop_during_active_work_recovers_idempotently_and_bounded; junit:caos.tests.spec.test_research_spec::test_brief_plan_and_approval_survive_restart_and_resume_only_the_approved_plan; junit:caos.tests.spec.test_research_spec::test_recovery_resumes_a_run_approved_before_the_crash; junit:caos.tests.spec.test_intake_spec::test_the_intake_and_its_run_survive_a_process_restart; artifact:gates/stack/stack-gates.txt,retained suite - no action,A fresh Engine over the same checkpoint database recovers and completes without re-executing finished modules; the research gate survives restart; on the built image a hard kill of app and worker was followed by health in 11 s with recovery.started over 6 runs and identical row counts before and after.
RUN-015,PASS,junit:caos.tests.spec.test_runs_spec::test_worker_killed_mid_run_resumes_from_last_checkpoint_not_restart; junit:caos.tests.spec.test_simulations_spec::test_sim_022_absent_checkpoint_recovers_from_domain_truth_without_re_executing_finished_modules; junit:caos.tests.spec.test_simulations_spec::test_sim_030_a_restart_loop_during_active_work_recovers_idempotently_and_bounded; junit:caos.tests.spec.test_runs_spec::test_crash_between_store_commit_and_checkpoint_write_yields_one_artifact_one_charge,retained suite - no action,"Execution count of every finished module stays 1 across a restart, across a restart loop of one kill per module, and even when the checkpoint file is absent."
RUN-016,PASS,junit:caos.tests.spec.test_runs_spec::test_event_log_is_per_run_monotonic_with_legacy_names_and_single_terminal; junit:caos.tests.spec.test_runs_spec::test_crash_between_store_commit_and_checkpoint_write_yields_one_artifact_one_charge; junit:caos.tests.spec.test_simulations_spec::test_sim_003_kill_during_the_provider_call_never_spends_again_on_resume; junit:caos.tests.spec.test_simulations_spec::test_sim_006_kill_during_final_validation_never_commits_success_twice_or_past_the_ceiling; junit:caos.tests.test_finalization_metering::test_within_budget_success_commit_lands_once_inside_the_deadline; junit:caos.tests.test_finalization_metering::test_success_commit_that_would_breach_the_ceiling_never_lands; junit:caos.tests.spec.test_runs_spec::test_a_terminal_failure_leaves_no_node_claiming_in_flight_work,retained suite - no action,run.succeeded appears exactly once; a failed resume ends with exactly [run.failed]; a dying final validation commits no success and the retry commits it once; a breaching commit never lands.
RUN-017,PASS,junit:caos.tests.spec.test_runs_spec::test_event_log_is_per_run_monotonic_with_legacy_names_and_single_terminal; junit:caos.tests.test_postgres_races::test_event_sequence_allocation_serializes_two_writers_on_one_run; junit:caos.tests.spec.test_simulations_spec::test_sim_027_a_wall_clock_jump_never_reorders_events_or_charges_time_twice; junit:caos.tests.spec.test_runs_spec::test_terminal_run_deletes_checkpoints_after_domain_audit_is_durable; junit:caos.tests.spec.test_http_contracts_spec::test_run_events_sse_tails_the_event_log_with_last_event_id_resume; junit:caos.tests.spec.test_misc_spec::test_unknown_and_foreign_runs_have_the_same_404_envelope_and_lookup_class; artifact:gates/sec-audit.txt,retained suite - no action,"Event ids are a per-run monotonic, gap-free seq allocated under the run-row lock on PostgreSQL, ordered by seq not by clock, durable past checkpoint deletion and resumable by id. Scope: the seq is per run and the run is case-bound; the events route resolves run -> case -> membership (same 404 for unknown and foreign runs; 59 routes x 9 actors, 0 failures)."
RUN-018,PASS,junit:caos.tests.spec.test_http_contracts_spec::test_run_events_sse_tails_the_event_log_with_last_event_id_resume; junit:caos.tests.spec.test_runs_spec::test_event_log_is_per_run_monotonic_with_legacy_names_and_single_terminal; junit:caos.tests.spec.test_misc_spec::test_concurrent_stream_slots_are_capped_and_always_returned,retained suite - no action,A reconnect with Last-Event-ID = the penultimate id receives exactly the final frame and nothing before it; a fully delivered terminal tail closes; events_after(last) is empty.
RUN-019,PASS,junit:caos.tests.spec.test_budget_spec::test_gate_wait_accrues_zero_active_time_while_compute_is_charged; junit:caos.tests.spec.test_observability_spec::test_the_gate_interrupt_is_logged_when_raised_and_when_resolved,retained suite - no action,An hour parked at the entry-gate interrupt under a fake clock accrues active_minutes == 0. Proven on the source-set gate; the Deep Research plan-approval wait is not separately asserted.
RUN-020,PASS,junit:caos.tests.test_finalization_metering::test_every_step_in_the_node_sequence_is_wrapped_by_the_timed_bracket; junit:caos.tests.test_finalization_metering::test_slow_render_is_charged_before_artifact_completion; junit:caos.tests.test_finalization_metering::test_throwing_host_operations_charge_active_time; junit:caos.tests.test_finalization_metering::test_slow_atomic_completion_crosses_ceiling_and_cannot_succeed; junit:caos.tests.test_finalization_metering::test_final_validation_is_charged_before_run_success; junit:caos.tests.spec.test_budget_spec::test_reconcile_commits_the_actual_usage_before_it_refuses_the_overage; junit:caos.tests.spec.test_budget_spec::test_actual_usage_overage_still_records_the_returned_response; junit:caos.tests.spec.test_budget_spec::test_max_tokens_truncation_fails_module_immediately_without_consuming_repair; junit:caos.tests.spec.test_budget_spec::test_malformed_or_zero_usage_is_output_invalid_with_reservation_unresolved; junit:caos.tests.spec.test_evidence_spec::test_an_unbounded_read_loop_is_stopped_by_the_run_evidence_read_ceiling; junit:caos.tests.spec.test_evidence_spec::test_ceiling_rejected_read_leaves_no_citation_expectation; junit:caos.tests.spec.test_injection_spec::test_document_cannot_buy_an_answer_with_no_supplied_evidence; junit:caos.tests.spec.test_simulations_spec::test_sim_004_kill_after_the_response_before_the_artifact_commit_yields_one_artifact,retained suite - no action,"Every loop step (count, create, evidence read, parse/validate, reuse validation, completion write, final verification) is inside a timed bracket; throwing host operations and slow validation are charged to active_minutes; actual provider usage is committed to tokens even when it breaches; a truncation never consumes the repair while a real repair does; evidence reads are charged to evidence_reads/bytes; a lost response is on the ledger exactly once."
RUN-021,PASS,junit:caos.tests.spec.test_budget_spec::test_no_provider_call_without_a_successful_reservation; junit:caos.tests.spec.test_budget_spec::test_each_ceiling_refuses_the_next_operation_before_overspend; junit:caos.tests.test_postgres_races::test_budget_reserve_race_has_one_reservation_and_one_typed_refusal; junit:caos.tests.test_postgres_races::test_budget_charge_race_refuses_the_ceiling_before_overspend; junit:caos.tests.spec.test_limits_spec::test_manifest_above_the_ceiling_fails_the_run_typed_with_no_provider_call; junit:caos.tests.spec.test_budget_spec::test_provider_concurrency_denial_is_typed_and_reserves_nothing,retained suite - no action,A failed reservation ends the run AGENT_BUDGET_EXCEEDED with zero provider requests; each of the six dimensions refuses the next operation with used <= limit; two PostgreSQL writers get one reservation and one typed refusal.
RUN-022,PASS,junit:caos.tests.spec.test_budget_spec::test_unresolved_inflight_reservation_fails_closed_on_resume_without_respend; junit:caos.tests.spec.test_simulations_spec::test_sim_003_kill_during_the_provider_call_never_spends_again_on_resume; junit:caos.tests.test_postgres_races::test_budget_reconcile_race_applies_the_true_up_exactly_once,retained suite - no action,A persisted in-flight digest with unknown spend fails the resumed run AGENT_BUDGET_EXCEEDED with the provider call count unchanged and the digest retained as the record of the unknown.
RUN-023,PASS,junit:caos.tests.spec.test_limits_spec::test_active_job_ceiling_refuses_the_twenty_first_before_any_reservation; junit:caos.tests.spec.test_runs_spec::test_admission_ceiling_is_derived_and_capacity_returns_on_completion; junit:caos.tests.spec.test_limits_spec::test_stream_ceiling_at_and_above_is_per_subject_and_returned; junit:caos.tests.spec.test_limits_spec::test_preview_ceiling_at_and_above_is_per_subject_and_returned; junit:caos.tests.spec.test_evidence_spec::test_an_unbounded_read_loop_is_stopped_by_the_run_evidence_read_ceiling; junit:caos.tests.spec.test_evidence_spec::test_module_delivers_at_most_the_canonical_reference_limit; junit:caos.tests.spec.test_budget_spec::test_timeout_retry_must_be_byte_identical_and_single; junit:caos.tests.spec.test_simulations_spec::test_sim_024_provider_failures_end_typed_sanitized_and_bounded; junit:caos.tests.test_runtime_calculations::test_incomplete_calculation_may_be_retried_once_as_the_module_repair; junit:caos.tests.spec.test_injection_spec::test_document_cannot_buy_an_answer_with_no_supplied_evidence; junit:caos.tests.spec.test_budget_spec::test_each_ceiling_refuses_the_next_operation_before_overspend; junit:caos.tests.spec.test_budget_spec::test_registry_output_caps_literal; junit:caos.tests.spec.test_runs_spec::test_complete_node_rejects_invalid_or_unbounded_artifact_payloads; junit:caos.tests.spec.test_budget_spec::test_attempt_recorder_allowlist_truncation_and_asymmetric_caps; junit:caos.tests.test_finalization_metering::test_success_commit_that_would_breach_the_ceiling_never_lands; artifact:gates/stack/capacity-limits.json,retained suite - no action,"Active jobs (20, in-process and over HTTP with ADMISSION_BUSY), streams (4) and previews (2) per subject, tool calls (evidence reads per module and per run, refs per module), retry (one byte-identical timeout retry then AGENT_PROVIDER_TIMEOUT), repair (one), tokens (input/output ceilings, per-module output caps, truncation), artifact size/shape and active time are each refused at/above their ceiling. The 32 MiB request ceiling is Caddy's and was NOT_EXERCISED over HTTP (no --edge-url)."
RUN-024,OPEN,junit:caos.tests.spec.test_runs_spec::test_run_pinned_to_immutable_source_set_and_upgrade_links_origin; junit:caos.tests.spec.test_misc_spec::test_read_only_member_cannot_upgrade_a_run; junit:caos.tests.spec.test_runs_spec::test_case_reader_cannot_start_or_upgrade_and_outsiders_see_nothing,engine owner (Engine.upgrade) with the decision owner,"Proven: an explicit upgrade of an accepted screen run creates a new full run carrying upgraded_from_run_id, and readers/outsiders cannot upgrade. Not proven: 'after validated output' is not enforced - Engine.upgrade starts a full run for any run id without checking the origin's status or acceptance, and no retained test asserts an unvalidated (failed, running or unaccepted) screen run is refused for upgrade."
RUN-025,OPEN,junit:caos.tests.spec.test_runs_spec::test_run_pinned_to_immutable_source_set_and_upgrade_links_origin,engine test owner (spec/test_runs_spec.py),"Engine.upgrade only reads the origin run (case, pathway) and starts a new run; no retained test asserts the origin screen run's plan, plan_digest, status, events, artifacts and accepted snapshot are byte-identical before and after the upgrade."
RUN-026,PASS,junit:caos.tests.spec.test_runs_spec::test_snapshot_rejects_forged_succeeded_run; junit:caos.tests.spec.test_runs_spec::test_acceptance_rejects_source_content_changed_without_a_new_source_set; junit:caos.tests.spec.test_runs_spec::test_acceptance_rejects_corrupted_uploaded_source_bytes; junit:caos.tests.spec.test_runs_spec::test_non_mapping_artifact_payload_fails_closed_at_finalization_and_acceptance; junit:caos.tests.spec.test_runs_spec::test_snapshot_acceptance_refuses_when_cp5_reports_blocked; junit:caos.tests.spec.test_runs_spec::test_acceptance_refuses_a_source_withdrawn_after_run_completion; junit:caos.tests.spec.test_runs_spec::test_a_legacy_succeeded_agent_run_cannot_gain_new_acceptance_authority; junit:caos.tests.spec.test_runs_spec::test_succeeded_placeholder_run_cannot_be_newly_accepted_after_restart; junit:caos.tests.test_finalization_metering::test_success_commit_that_would_breach_the_ceiling_never_lands; junit:caos.tests.spec.test_source_complete_modelling_spec::test_an_overlay_effect_is_rebuilt_from_the_records_it_names_and_refuses_a_forged_one; junit:caos.tests.test_host_control_provider::test_host_control_provider_completes_an_ordinary_run_that_can_be_accepted,retained suite - no action,"Acceptance re-verifies every artifact digest, payload shape, QA status, provider identity, calculation records, the pinned source content and the vault bytes, and refuses a failed, forged, blocked, withdrawn or legacy-identity run (RUN_NOT_READY / SOURCE_SET_CHANGED / AGENT_AUTHORITY_MISMATCH)."
RUN-027,PASS,junit:caos.tests.spec.test_runs_spec::test_acceptance_rolls_back_snapshot_both_pointers_and_audit_as_one_unit; junit:caos.tests.spec.test_runs_spec::test_acceptance_is_idempotent_and_updates_case_and_run_together; junit:caos.tests.test_postgres_races::test_snapshot_acceptance_race_moves_the_case_and_run_pointers_once; junit:caos.tests.spec.test_runs_spec::test_run_store_copies_one_provider_identity_through_run_artifact_snapshot_and_events,retained suite - no action,"An injected failure on the snapshot.accepted audit leaves no snapshot, both pointers null and no audit row; the retry accepts once; two PostgreSQL connections move the case and run pointers once with SNAPSHOT_AUTHORITY_CHANGED for the loser; the snapshot digest is content-addressed."
RUN-028,PASS,junit:caos.tests.spec.test_runs_spec::test_acceptance_is_idempotent_and_updates_case_and_run_together; junit:caos.tests.test_postgres_races::test_disconnect_after_an_acknowledged_write_is_resolved_by_idempotent_retry; junit:caos.tests.test_postgres_races::test_snapshot_acceptance_race_moves_the_case_and_run_pointers_once,retained suite - no action,A second accept returns the same snapshot id and the case pointer is unchanged; a retry after a dropped connection resolves to the committed snapshot (typed RUN_NOT_READY with the snapshot in place).
RUN-029,PASS,junit:caos.tests.spec.test_misc_spec::test_newer_accepted_run_sets_switch_required_until_explicit_switch; junit:caos.tests.spec.test_http_contracts_spec::test_snapshot_diff_entries_are_module_id_and_digest_only,retained suite - no action,"With an older visible snapshot and a newer accepted one, snapshot_view reports switch_required = True until an explicit switch_visible to the newer snapshot; the diff wire shape is pinned."
RUN-030,PASS,junit:caos.tests.spec.test_runs_spec::test_replay_from_same_pinned_sources_and_build_is_equivalent_by_the_same_path; junit:caos.tests.spec.test_research_spec::test_replay_from_the_same_pins_and_brief_proposes_the_same_plan_by_the_same_path; junit:caos.tests.spec.test_state_spec::test_single_time_authority_survives_a_day_boundary; junit:caos.tests.test_methodology_execution::test_static_allowlist_and_credit_metrics_execute_with_exact_digests; junit:caos.tests.test_bundle::test_plan_digest_pins_source_set_identity,retained suite - no action,"Two runs from the same pins and build share plan_digest and path; every payload key except the run-identity chain (artifact_identity, lineage) is byte-equal - evidence_refs, provenance, authority, methodology, confidence and any calculation records the payload carries - and the markdown is byte-equal (stricter than the canonical-contract comparison AUD-019 allows); calculator records reproduce exact input/output digests. Weak point: the replay test runs FULL_CREDIT at screen depth under the scripted spec provider; no retained full-depth host-control replay compares two runs' calculation-record digests."
